input_address,truth_state,truth_country,truth_postcode,geoapify_state,geoapify_country,geoapify_postcode,opencage_state,opencage_country,opencage_postcode
"13220 Turtle Creek Dr., Oklahoma City OK 73170, United States",OK,US,73170,OK,us,73170,OK,us,73170
"10 Sargent Avenue, Somerville MA 02145, United States",MA,US,02145,MA,us,02145,MA,us,02145
"160 Metairie Lawn Dr., Metairie LA 70001, United States",LA,US,70001,LA,us,70001,LA,us,70001
"4267 Tennyson Street, Unit 102, Denver CO 80212, United States",CO,US,80212,CO,us,80212,CO,us,80212
"1303 Columbine, Sikeston MO 63801, United States",MO,US,63801,MO,us,63801,MO,us,63801
"2461 Northwest 93rd Lane, Sunrise FL 33322, United States",FL,US,33322,FL,us,33322,FL,us,33322
"11628 Great Spirit Cir, EL PASO TX 79936, United States",TX,US,79936,TX,us,79936,TX,us,79936
"15095 michelangelo blvd , 208, Delray beach FL 33446, United States",FL,US,33446,FL,us,33446,FL,us,
"5512 moon valley dr, Lakeland FL 33812, United States",FL,US,33812,FL,us,33812,FL,us,
"13809 227th Ave, Sauk Centre MN 56378-4779, United States",MN,US,56378-4779,MN,us,56378,MN,us,
"13272 Monrovia St, Hesperia CA 92344, United States",CA,US,92344,CA,us,92344,CA,us,92344
"4105 Jewel Street, Alexandria VA 22312-1044, United States",VA,US,22312-1044,VA,us,22312,VA,us,
"14 Madera Cir, Nashua NH 03062-1474, United States",NH,US,03062-1474,NH,us,03062,NH,us,03062
"4604 nw 29th  st, Oklahoma City OK 73127, United States",OK,US,73127,OK,us,73127,OK,us,73127
"2153 East Redwood Drive, Chandler AZ 85286, United States",AZ,US,85286,AZ,us,85286,AZ,us,85286
"1530 NE 59 Pl, Ft. Lauderdale FL 33334, United States",FL,US,33334,FL,us,33334,FL,us,
"155 weaver street, Staten Island NY 10312, United States",NY,US,10312,NY,us,10312,NY,us,10312
"35680 Niles Blvd, Fremont CA 94536, United States",CA,US,94536,CA,us,94536,CA,us,94536
"140-05 243rd St, Rosedale NY 11422, United States",NY,US,11422,NY,us,11422,NY,us,11422
"623 E 10th Ave, Tarentum PA 15084-1050, United States",PA,US,15084-1050,PA,us,15084,PA,us,15084
"29589 SW Serenity Way, Wilsonville OR 97070, United States",OR,US,97070,OR,us,97070,OR,us,97070
"1749 Wellesley Drive, Santa Monica CA 90405, United States",CA,US,90405,CA,us,90405,CA,us,90405
"3719 Secretariat Drive, Florissant MO 63034, United States",MO,US,63034,MO,us,63034,MO,us,
"168 State Street, Apt 2C, Brooklyn NY 11201, United States",NY,US,11201,NY,us,11201,NY,us,11201
"3330 Burr Oak Dr, Grove City OH 43123, United States",OH,US,43123,OH,us,43123,OH,us,43123
"Paradisiac, 41 Graywood Ln, Charles Town WV 25414, United States",WV,US,25414,WV,us,25414,WV,us,
"Psc 2 Box 13051, Apo AE 09012, United States",AE,US,09012,MT,us,59851,,,
"2101 Pedenville rd, Concord GA 30206, United States",GA,US,30206,GA,us,30206,GA,us,
"14554 Highlands Trail, Bristol VA 24202, United States",VA,US,24202,VA,us,24202,VA,us,
"2391 E St Rd 234, Greenfield IN 46140, United States",IN,US,46140,IN,us,46140,IN,us,
"39 Broadway, Tivoli NY 12583, United States",NY,US,12583,NY,us,12583,NY,us,12583
"3464 Roxboro Rd NE, Apt 2506, Atlanta GA 30326, United States",GA,US,30326,GA,us,30326,GA,us,30326
"274 S La Fayette Park Pl Apt 129, 129, Los Angeles CA 90057, United States",CA,US,90057,CA,us,90057,CA,us,
"771 Ponce de Leon Terrace NE, Atlanta GA 30306, United States",GA,US,30306,GA,us,30306,GA,us,30306
"716 Pease Lane, West Islip NY 11795, United States",NY,US,11795,NY,us,11795,NY,us,11795
"9176 Norfolk Drive, Cincinnati OH 45231, United States",OH,US,45231,OH,us,45231,OH,us,
"5900 Montford Way, Choctaw OK 73020, United States",OK,US,73020,OK,us,73020,OK,us,
"173 Eldorado St, Apt #6, Monterey CA 93940, United States",CA,US,93940,CA,us,93940,CA,us,
"5298 Briercliff Drive, Hamburg NY 14075, United States",NY,US,14075,NY,us,14075,NY,us,14075
"3160 Hillview Court, Edgewood KY 41017, United States",KY,US,41017,KY,us,41017,KY,us,41017
"13814 Tregaron Ridge Ave, Apt 78, Bellevue NE 68123, United States",NE,US,68123,NE,us,68123,NE,us,
"3200 NW 46TH ST, 205, Fort Lauderdale FL 33309, United States",FL,US,33309,FL,us,33309,FL,us,
"18280 Serra place, Morgan Hill CA 95037, United States",CA,US,95037,CA,us,95037,CA,us,95037
"4380 E 109th Ave, Thornton CO 80233, United States",CO,US,80233,CO,us,80241,CO,us,80241
"4520 Larkwood Avenue, Woodland Hills CA 91364, United States",CA,US,91364,CA,us,91364,CA,us,91364
"211 Lewis St, Fredericksburg VA 22401, United States",VA,US,22401,VA,us,22401,VA,us,22401
"1966 1st Ave, 12E, New York NY 10029, United States",NY,US,10029,NY,us,10029,NY,us,10029
"4521 Stonebridge Drive, Pearland TX 77584, United States",TX,US,77584,TX,us,77584,TX,us,77584
"8 North Crossing Way, Bethel CT 06801, United States",CT,US,06801,CT,us,06801,CT,us,06801
"163 Clay Street, Rochester PA 15074, United States",PA,US,15074,PA,us,15074,PA,us,15074
"639 N 4th Street, ASPEN CO 81611, United States",CO,US,81611,CO,us,81611,CO,us,81611
"123 n. Lynn st., Bristow OK 74010, United States",OK,US,74010,OK,us,74010,OK,us,74010
"12108 Los Reyes Avenue, La Mirada CA 90638, United States",CA,US,90638,CA,us,90638,CA,us,90638
"182-21 150th Avenue, DXB 1306731, Springfield Gardens, NY NY 11413, United States",NY,US,11413,NY,us,11413,NY,us,
"14418 N 37th PL, Phoenix AZ 85032, United States",AZ,US,85032,AZ,us,85032,AZ,us,85032
"512 NW 136th St, Newberry FL 32669, United States",FL,US,32669,FL,us,32669,FL,us,
"18309 Charity Lane, Accokeek MD 20607, United States",MD,US,20607,MD,us,20607,MD,us,20607
"220 North Wood Street, Maroa IL 61756, United States",IL,US,61756,IL,us,61756,IL,us,61756
"223 Smith Street, Apt 3R, Brooklyn NY 11201, United States",NY,US,11201,NY,us,11201,NY,us,11201
"Po Box 27104, Albuquerque NM 87125, United States",NM,US,87125,NM,us,87125,NM,us,
"12101 Bishopsford Drive, Tampa FL 33626-1320, United States",FL,US,33626-1320,FL,us,33626,FL,us,
"2807 central ave, Cody WY 82414, United States",WY,US,82414,WY,us,82414,WY,us,82414
"17 Marisa Court, Ocean NJ 07712, United States",NJ,US,07712,NJ,us,07712,NJ,us,07712
"313 Garden park Circle, Lancaster PA 17601, United States",PA,US,17601,PA,us,17601,PA,us,17601
"3334 Townley Place, LAWRENCEVILLE GA 30044-5554, United States",GA,US,30044-5554,GA,us,30044,GA,us,
"Melissa Schuh, 5314 Bahama Ct, Apt, suite, floor, etc., Denver CO 80249, United States",CO,US,80249,CO,us,80249,CO,us,
"2429 Marjay ct, Reno NV 89512, United States",NV,US,89512,NV,us,89512,NV,us,89512
"2005 Whitfield St SE, Smyrna GA 30080, United States",GA,US,30080,GA,us,30080,GA,us,
"1400 South Salisbury Avenue, Spencer NC 28159, United States",NC,US,28159,NC,us,28159,NC,us,28159
"105 Hickory Ridge Drive, Saint Robert MO 65584, United States",MO,US,65584,MO,us,65584,MO,us,65584
"503 Sumrell Way, Hubert NC 28539, United States",NC,US,28539,NC,us,28539,NC,us,
"2720 Natalie Lane, Steilacoom WA 98388, United States",WA,US,98388,WA,us,98388,WA,us,98388
"526 Avalon Gardens Drive, Nanuet NY 10954, United States",NY,US,10954,NY,us,10954,NY,us,10954
"449 Naples st, Chula Vista CA 91911, United States",CA,US,91911,CA,us,91911,CA,us,91911
"3658 East 54th Street, Maywood CA 90270, United States",CA,US,90270,CA,us,90270,CA,us,90270
"1644 Bass Rd, 1213, Macon GA 31210, United States",GA,US,31210,GA,us,31210,GA,us,
"780 Main Street , Portola  CA 96122, United States",CA,US,96122,CA,us,96122,CA,us,96122
"6923 Mission Grove Pkwy N, Riverside CA 92506, United States",CA,US,92506,CA,us,92506,CA,us,92506
"1615 Carol Sue Avenue, Apt C-60, Terrytown LA 70056, United States",LA,US,70056,LA,us,70056,LA,us,70056
"132 Arneytown Hornerstown Rd, Allentown NJ 08501, United States",NJ,US,08501,NJ,us,08501,NJ,us,
"2050 121th St, 3R , College Point  NY 11356, United States",NY,US,11356,NY,us,11356,NY,us,
"16711 Marsh Creek Road, Spc 2, Clayton CA 94517, United States",CA,US,94517,CA,us,94517,CA,us,94517
"2473 Choisser Ct, Tracy CA 95377, United States",CA,US,95377,CA,us,95377,CA,us,95377
"5323 Janero Way, Sacramento CA 95835, United States",CA,US,95835,CA,us,95835,CA,us,95835
"879 Bergen St, Apt 2, Brookly NY 11238, United States",NY,US,11238,NY,us,11238,NY,us,
"4327 Princeton Way, Santa Rosa CA 95405, United States",CA,US,95405,CA,us,95405,CA,us,95405
"None, 832 S Oxford Ave Apt 304, Apt. 304, Los Angeles CA 90005, United States",CA,US,90005,CA,us,90005,CA,us,
"6037 N Leader, Chicago IL 60646, United States",IL,US,60646,IL,us,60646,IL,us,60646
"63152 NE Hadley Place, Bend OR 97701, United States",OR,US,97701,OR,us,97701,OR,us,97701
"10138 S Kelly Lane, Westwego LA 70094, United States",LA,US,70094,LA,us,70094,LA,us,
"23195 Mango Dr, Denham Springs LA 70726, United States",LA,US,70726,LA,us,70726,LA,us,
"16718 Grove Mesa Trail, Spring TX 77379, United States",TX,US,77379,TX,us,77379,TX,us,
"268 Kenwood Ave, Delmar NY 12054, United States",NY,US,12054,NY,us,12054,NY,us,12054
"1206 Tiffany Ln, H, Myrtle Beach SC 29577, United States",SC,US,29577,SC,us,29577,SC,us,
"1849 County Rd 213, Durango CO 81303, United States",CO,US,81303,CO,us,81303,CO,us,
"2608 2nd Avenue South, Apt 3, Minneapolis MN 55408, United States",MN,US,55408,MN,us,55408,MN,us,55408
"1405 31st Avenue, Apt 4B, Astoria NY 11106, United States",NY,US,11106,NY,us,11106,NY,us,11369
"170 Becky Ct , Bosque Farms  NM 87068, United States",NM,US,87068,NM,us,87068,NM,us,87068
"260 Ashbury Ln W apt 8, Roselle IL 60172, United States",IL,US,60172,IL,us,60172,IL,us,60172
"4310 Sienna Terrace, Apt 2E, High Point NC 27265, United States",NC,US,27265,NC,us,27265,NC,us,27265
"5163 Andrew Jackson St, Oceanside CA 92057, United States",CA,US,92057,CA,us,92057,CA,us,92057
"3460 S. Centinela Ave., Unit 410, Los Angeles CA 90066, United States",CA,US,90066,CA,us,90066,CA,us,90066
"702 South Weber Road, 1507, Romeoville IL 60446, United States",IL,US,60446,IL,us,60446,IL,us,
"49 Spring Street Apt 2, Bristol NH 03222, United States",NH,US,03222,NH,us,03222,NH,us,03222
"346 Belden Street, Pobox 390, Gonzales CA 93926, United States",CA,US,93926,CA,us,93926,CA,us,93926
"6629 Short Bay Place, Tampa FL 33615, United States",FL,US,33615,FL,us,33615,FL,us,
"32 Hillside Street, Apt 3, Boston MA 02120, United States",MA,US,02120,MA,us,02120,MA,us,02120
"2614 E Warbler Rd, Gilbert AZ 85297, United States",AZ,US,85297,AZ,us,85297,AZ,us,85297
"16 Hurst Rd, Wilmington DE 19803-3717, United States",DE,US,19803-3717,DE,us,19803,DE,us,
"7625 Palo Verde Road, Irvine CA 92617, United States",CA,US,92617,CA,us,92617,CA,us,92617
"288 Smith Cr, Erie CO 80516, United States",CO,US,80516,CO,us,80516,CO,us,
"3309 Greenbrier Street, Vadnais Heights MN 55127, United States",MN,US,55127,MN,us,55127,MN,us,55127
"1033 Washington Avenue South, Old Tappan NJ 07675, United States",NJ,US,07675,NJ,us,07675,NJ,us,07675
"13864 95th Ave N, Maple Grove MN 55369, United States",MN,US,55369,MN,us,55369,MN,us,55369
"3751 3rd Ave, Apt C, Apt C, Apt C, SAN DIEGO CA 92103, United States",CA,US,92103,CA,us,92103,CA,us,
"15717 Monksilver Bend, Upper Marlboro MD 20774-8408, United States",MD,US,20774-8408,MD,us,20774,MD,us,
"1482 E. 1280 S., PROVO UT 84606, United States",UT,US,84606,UT,us,84606,UT,us,84606
"3908 Moonbeam Drive, Sacramento CA 95827, United States",CA,US,95827,CA,us,95827,CA,us,95827
"1700 S Mcpherrin Ave, Monterey Park CA 91754, United States",CA,US,91754,CA,us,91754,CA,us,91754
"264 Passaic Ave, Apt 303, Fairfield NJ 07004, United States",NJ,US,07004,NJ,us,07004,NJ,us,07004
"2510 Santa Cruz Lane, Odessa TX 79763, United States",TX,US,79763,TX,us,79763,TX,us,79763
"102 Holiday Hills Drive, Wilmington NC 28409, United States",NC,US,28409,NC,us,28409,NC,us,
"14 Bayside street, 2, Dorchester MA 02125, United States",MA,US,02125,MA,us,02125,MA,us,
"5547 South 4170 West, Kearns UT 84118, United States",UT,US,84118,UT,us,84118,UT,us,
"23509 Valderama Lane, Sorrento FL 32776, United States",FL,US,32776,FL,us,32736,FL,us,32736
"3903 Via Escuda, La Mesa CA 91941, United States",CA,US,91941,CA,us,91941,CA,us,91941
"210 Mills Road, North Salem NY 10560, United States",NY,US,10560,NY,us,10560,NY,us,10560
"27932 Harwood Drive, Saugus CA 91350, United States",CA,US,91350,CA,us,91350,CA,us,91350
"828 Grandview ln, La Puente CA 91744, United States",CA,US,91744,CA,us,91744,CA,us,
"65 Campbell Road, Blairsville PA 15717, United States",PA,US,15717,PA,us,15717,PA,us,
"6024 Lindbergh Boulevard, Philadelphia PA 19142, United States",PA,US,19142,PA,us,19142,PA,us,19142
"5706 Pearce Ave, Lakewood CA 90712, United States",CA,US,90712,CA,us,90712,CA,us,90712
"940 3rd. Street, Apartment 5, Encinitas CA 92024, United States",CA,US,92024,CA,us,92024,CA,us,92024
"280 Holly Hall Road, Beaufort SC 29907, United States",SC,US,29907,SC,us,29907,SC,us,29907
"111 Isabelle Street, Hot Springs AR 71901, United States",AR,US,71901,AR,us,71901,AR,us,71901
"11670 E Buckskin Trail, Scottsdale AZ 85255, United States",AZ,US,85255,AZ,us,85255,AZ,us,85255
"3547 Smith Dr, Endwell NY 13760, United States",NY,US,13760,NY,us,13760,NY,us,13760
"1000 San Marcos St, #232, Austin TX 78702, United States",TX,US,78702,TX,us,78702,TX,us,78702
"1056 Kolokolo St., Unit D, Honolulu HI 96825, United States",HI,US,96825,HI,us,96825,HI,us,96825
"466B Liberty Street, 306, Little Ferry NJ 07643, United States",NJ,US,07643,NJ,us,07643,NJ,us,
"8435 NW 32 AVE, Miami FL 33147, United States",FL,US,33147,FL,us,33147-4003,FL,us,
"Anna Esquivel, 243 West 70th Street, Apt 2E, New York NY 10023, United States",NY,US,10023,NY,us,10023,NY,us,
"4283 Express Lane, Suite 7376-265, Sarasota FL 34249, United States",FL,US,34249,FL,us,34238,FL,us,
"5805 Brook Valley Drive, Austin TX 78724, United States",TX,US,78724,TX,us,78724,TX,us,78724
"5 Byron av, Yonkers NY 10704, United States",NY,US,10704,NY,us,10704,NY,us,10704
"90 locust road, Punxsutawney PA 15767, United States",PA,US,15767,PA,us,,PA,us,
"809 S.Stoneman Ave, C, Alhambra CA 91801, United States",CA,US,91801,CA,us,91801,CA,us,
"173 Greenland Drive, Washington WV 26181, United States",WV,US,26181,WV,us,26181,WV,us,
"254 Brookside ave, Roosevelt NY 11575, United States",NY,US,11575,NY,us,11575,NY,us,11575
"2810 n terrance ln , Lovington NM 88260, United States",NM,US,88260,NM,us,88260,NM,us,
"4334 Northcrest Rd, DALLAS TX 75229, United States",TX,US,75229,TX,us,75229,TX,us,75229
"1628 North Franklin Place, Apt 33, Milwaukee WI 53202, United States",WI,US,53202,WI,us,53202,WI,us,53202
"4510 Enchanted Way, Redding CA 96001, United States",CA,US,96001,CA,us,96001,CA,us,96001
"2220 Childeric rd, Virginia beach VA 23456, United States",VA,US,23456,VA,us,23456,VA,us,23456
"2000 Ramar, Lot 70, Bullhead City AZ 86442, United States",AZ,US,86442,AZ,us,86442,AZ,us,86442
"932 W Ashcroft Ave, Clovis CA 93612, United States",CA,US,93612,CA,us,93612,CA,us,93612
"102 violet lane, LYNNVILLE IN 47619, United States",IN,US,47619,IN,us,47619,IN,us,
"23802 Pennington Hills Dr, Spring TX 77389, United States",TX,US,77389,TX,us,77389,TX,us,
"1233 E 800 N, LaPorte IN 46350, United States",IN,US,46350,IN,us,46350,IN,us,46350
"6914 South Wind, Corpus Christi TX 78413, United States",TX,US,78413,TX,us,78413,TX,us,
"2521 MYRTLE STREET, OAKLAND CA 94607, United States",CA,US,94607,CA,us,94607,CA,us,94617
"1018 N. Western Ave, Marion IN 46952, United States",IN,US,46952,IN,us,46952,IN,us,46952
"2511 Harlandale Avenue, Dallas TX 75216, United States",TX,US,75216,TX,us,75216,TX,us,75216
"1016 Chesapeake Boulevard, Grayslake IL 60030, United States",IL,US,60030,IL,us,60030,IL,us,60030
"None, 3403 S 55th Ct, Cicero IL 60804, United States",IL,US,60804,IL,us,60804,IL,us,
"Lionsgate Enterprise, 845 Willowwood Ln Apt 210, Rock hill SC 29730, United States",SC,US,29730,SC,us,29730,SC,us,
"2350 New Jersey 10, D9, Morris Plains NJ 07950, United States",NJ,US,07950,NJ,us,07950,NJ,us,
"1748 Emory Ridge Dr, Atlanta GA 30329, United States",GA,US,30329,GA,us,30329,GA,us,
"1455 Garth Gate Ln, Charlottesville VA 22901, United States",VA,US,22901,VA,us,22901,VA,us,
"11190 nw 25th street, Suite 120 RPM 10995, Miami FL 33172, United States",FL,US,33172,FL,us,33172,FL,us,33172
"11R Lake Drive, Unit B, East Hampton CT 06424, United States",CT,US,06424,CT,us,06424,CT,us,06424
"P.O. Box 339557, Jblm WA 98433, United States",WA,US,98433,WA,us,98433,WA,us,98433
"2100 San Antonio Street, 909D, Austin TX 78705, United States",TX,US,78705,TX,us,78705,TX,us,
"7190 Elliott Drive, Dallas TX 75227, United States",TX,US,75227,TX,us,75227,TX,us,75227
"8487 Blackburn Lane, San Diego CA 92127, United States",CA,US,92127,CA,us,92127,CA,us,92127
"17401 Nichols Ln SUITE J, Huntington Beach CA 92647, United States",CA,US,92647,CA,us,92647,CA,us,92647
"10915 Tolly Street, Norwalk CA 90650, United States",CA,US,90650,CA,us,90650,CA,us,90650
"879 Bergen St, Apt 2, Brookly NY 11238, United States",NY,US,11238,NY,us,11238,NY,us,
"1777 Wewatta Street, 913, Denver CO 80202, United States",CO,US,80202,CO,us,80202,CO,us,
"31155 Dog Leg Circle, Temecula CA 92591, United States",CA,US,92591,CA,us,92591,CA,us,92591
"35262 W County Line Rd, Yucaipa CA 92399, United States",CA,US,92399,CA,us,92320,CA,us,92320
"10810 N Green River Rd, Evansville IN 47725, United States",IN,US,47725,IN,us,47725,IN,us,47725
"195 Statesville Main St, Watertown TN 37184, United States",TN,US,37184,TN,us,37184,TN,us,
"141 Eugenia Drive, Ventura CA 93003, United States",CA,US,93003,CA,us,93003,CA,us,93003
"1404 Potomac Drive, Richardson TX 75081, United States",TX,US,75081,TX,us,75081,TX,us,75081
"261 Crestwood Ct, Fishkill NY 12524, United States",NY,US,12524,NY,us,12524,NY,us,12524
"2108 Promenade Ln, Modesto CA 95351, United States",CA,US,95351,CA,us,95351,CA,us,
"1104 Cove Bridge Road, 108, Raleigh NC 27604, United States",NC,US,27604,NC,us,27604,NC,us,
"4475 Susan’s way, Snellville GA 30039, United States",GA,US,30039,GA,us,30039,GA,us,
"87 Falmouth St., Westbrook ME 04092, United States",ME,US,04092,ME,us,04092,ME,us,04092
"3089 Griggsview Ct, Columbus OH 43221, United States",OH,US,43221,OH,us,43221,OH,us,43221
"3010 Oakley Street, Abilene TX 79606, United States",TX,US,79606,TX,us,79606,TX,us,79607
"302 N 16 Street, Fort Calhoun NE 68023, United States",NE,US,68023,NE,us,68023,NE,us,
"6A Opal Ct, Barnegat NJ 08005-2563, United States",NJ,US,08005-2563,NJ,us,08005,NJ,us,08005
"5811 102nd Street, 61, Lubbock TX 79424, United States",TX,US,79424,TX,us,79424,TX,us,
"961 Sienna Dr, Centerton AR 72719, United States",AR,US,72719,AR,us,72719,AR,us,72719
"PO Box 205, Evanston WY 82931, United States",WY,US,82931,WY,us,82931,WY,us,
"9 Beverly Park, Beverly Hills CA 90210, United States",CA,US,90210,CA,us,90210,CA,us,
"2313 West Belmont Avenue, Chicago IL 60618, United States",IL,US,60618,IL,us,60618,IL,us,60618
"9056 Coventry Circle, El Paso TX 79907, United States",TX,US,79907,TX,us,79907,TX,us,79907
"3481 Hickory Landing Ct, Jacksonville FL 32226, United States",FL,US,32226,FL,us,32226,FL,us,32226
"9314 Beckford Ave, Northridge CA 91324, United States",CA,US,91324,CA,us,91324,CA,us,91324
"13 Old Stable Way, Colts neck NJ 07722, United States",NJ,US,07722,NJ,us,07722,NJ,us,07722
"46 Randolph Drive, Dix Hills NY 11746, United States",NY,US,11746,NY,us,11746,NY,us,11746
"223 Bay 7th Street, 3A, Brooklyn NY 11228, United States",NY,US,11228,NY,us,11228,NY,us,11228
"2308 4th Avenue North, Apt 0807, Birmingham  AL 35203, United States",AL,US,35203,AL,us,35203,AL,us,35203
"149 Maplewood North, Kyle TX 78640, United States",TX,US,78640,TX,us,78640,TX,us,78640
"3258 Millwood Trl SE, Smyrna GA 30080-1602, United States",GA,US,30080-1602,GA,us,30080,GA,us,30080
"1631 Evergreen Avenue, Fullerton CA 92835, United States",CA,US,92835,CA,us,92835,CA,us,92835
"106 cedar lane, starkville MS 39759, United States",MS,US,39759,MS,us,39759,MS,us,39759
"7 Burnham Dr, Pompton Pl NJ 07444, United States",NJ,US,07444,NJ,us,07444,NJ,us,07444
"230, Massena NY 13662, United States",NY,US,13662,NY,us,13662,NY,us,13662
"P.O. Box 607, Crompond NY 10517, United States",NY,US,10517,NY,us,10517,NY,us,10547
"1555 Lewison Avenue Northeast, Grand Rapids MI 49505, United States",MI,US,49505,MI,us,49505,MI,us,49505
"165 Cottage St., 412, Chelsea MA 02150, United States",MA,US,02150,MA,us,02150,MA,us,
"19 Searle Avenue, Brookline MA 02445, United States",MA,US,02445,MA,us,02445,MA,us,02445
"5975 Grand Pavilion Way, Unit 214, Alexandria VA 22303, United States",VA,US,22303,VA,us,22303,VA,us,
"424 East 670 North, Tooele UT 84074, United States",UT,US,84074,UT,us,84074,UT,us,
"856 North Winchester Avenue, Unit 2, Chicago IL 60622, United States",IL,US,60622,IL,us,60622,IL,us,60622
"15381 HIGHLAND PL, MINNETONKA MN 55345, United States",MN,US,55345,MN,us,55345,MN,us,55345
"9 Hayes Ave., Brick NJ 08724, United States",NJ,US,08724,NJ,us,08724,NJ,us,
"725 Palermo Drive, Santa Barbara CA 93105, United States",CA,US,93105,CA,us,93105,CA,us,93105
"205 6th St, Apt. 1, Coralville IA 52241, United States",IA,US,52241,IA,us,52241,IA,us,52241
"9632 RUDNICK AVE, CHATSWORTH CA 91311, United States",CA,US,91311,CA,us,91311,CA,us,91311
"2600 Torquay Crossing, Apt B, Raleigh NC 27616, United States",NC,US,27616,NC,us,27616,NC,us,27616
"6501 Clemson Avenue, Norfolk VA 23518, United States",VA,US,23518,VA,us,23518,VA,us,23518
"9 Firehawk Drive, Stafford VA 22554, United States",VA,US,22554,VA,us,22554,VA,us,22554
"11823 Frahzo, Warren MI 48089, United States",MI,US,48089,MI,us,,MI,us,
"961 Water Tower Road, Orrum NC 28369, United States",NC,US,28369,NC,us,28369,NC,us,
"1877 George Ct, Merrick NY 11566, United States",NY,US,11566,NY,us,11566,NY,us,11566
"3280 se 1st st, 20, Gresham OR 97080, United States",OR,US,97080,OR,us,97080,OR,us,
"10700 cardington way, Apt 204, Cockeysville MD 21030, United States",MD,US,21030,MD,us,21030,MD,us,21030
"8870 Rollin Sunset Drive, Winona MN 55987, United States",MN,US,55987,MN,us,,MN,us,
"1377 W Gander Dr, Meridian ID 83642, United States",ID,US,83642,ID,us,83642,ID,us,83642
"601 So. 7th St., Hamburg PA 19526, United States",PA,US,19526,PA,us,19526,PA,us,
"2365 Elan Ln, Cumming GA 30041-7036, United States",GA,US,30041-7036,GA,us,30041,GA,us,
"7613 Verree Road, Philadelphia PA 19111, United States",PA,US,19111,PA,us,19111,PA,us,19111
"6180 Tawny Griffin Avenue, Las Vegas NV 89139, United States",NV,US,89139,NV,us,89139,NV,us,89139
"8204 FONDREN ROAD, Houston TX 77074, United States",TX,US,77074,TX,us,77074,TX,us,77074
"3206 S Main St, 60E, Santa Ana CA 92707, United States",CA,US,92707,CA,us,92707,CA,us,
"7436 4th Ave NE, Unit A, Seattle WA 98115, United States",WA,US,98115,WA,us,98115,WA,us,98115
"209 W Edgewood Drive, Newberg OR 97132, United States",OR,US,97132,OR,us,97132,OR,us,97132
"iConn Technologies, 8909 Irvine Center Drive, Irvine CA 92618, United States",CA,US,92618,CA,us,92618,CA,us,
"6063 Broadway, 1C, Bronx NY 10471, United States",NY,US,10471,NY,us,10471,NY,us,10471
"14543 Cheever Street, Orlando FL 32828, United States",FL,US,32828,FL,us,32828,FL,us,
"9 Sea Breeze Place, Center Moriches NY 11934, United States",NY,US,11934,NY,us,11934,NY,us,11934
"2010 E 101ST CT, THORNTON CO 80229-3976, United States",CO,US,80229-3976,CO,us,80229,CO,us,80229
"3241 Shasta Way, Sacramento CA 95821, United States",CA,US,95821,CA,us,95821,CA,us,95821
"100 Westview Way, Eatonton GA 31024, United States",GA,US,31024,GA,us,31024,GA,us,
"19 Positano Loop , Roswell  NM 88201, United States",NM,US,88201,NM,us,88201,NM,us,88201
"3049 W Mountain Dew, Tucson AZ 85746, United States",AZ,US,85746,AZ,us,85746,AZ,us,
"3464 Roxboro Rd NE, Apt 2506, Atlanta GA 30326, United States",GA,US,30326,GA,us,30326,GA,us,30326
"1613 Northwest Samantha Court, 1613 NW Samantha Ct, Blue Springs MO 64015, United States",MO,US,64015,MO,us,64015,MO,us,
"HC 1 Box 19, KENTON OK 73946, United States",OK,US,73946,ND,us,58621,OK,us,
"9901 Fenway Drive, El Paso TX 79925, United States",TX,US,79925,TX,us,79925,TX,us,79925
"1770 Madison Avenue, 6D, New York NY 10035, United States",NY,US,10035,NY,us,10035,NY,us,10035
"2337 Stewart dr nw, Warren OH 44485, United States",OH,US,44485,OH,us,44485,OH,us,44485
"309 Madison Ave, G, Fort Eustis VA 23604, United States",VA,US,23604,VA,us,23604,VA,us,
"847 West Shore Road, Warwick RI 02889, United States",RI,US,02889,RI,us,02889,RI,us,02889
"2217 Ivan Street, Apt 106, Dallas TX 75201, United States",TX,US,75201,TX,us,75201,TX,us,75201
"173 Chestnut St, Warrior Run PA 18706, United States",PA,US,18706,PA,us,18706,PA,us,18706
"2414 chancery drive, Holiday FL 34690, United States",FL,US,34690,FL,us,34690,FL,us,34690
"48 Oakland Street, Westport MA 02790, United States",MA,US,02790,MA,us,02790,MA,us,02747
"4030 Hessel Road, Sebastopol CA 95472, United States",CA,US,95472,CA,us,95472,CA,us,
"11325 Park Vista Boulevard, 2324, Fort Worth TX 76244, United States",TX,US,76244,TX,us,76244,TX,us,
"1311 Chelsea Ct, Voorhees NJ 08043, United States",NJ,US,08043,NJ,us,08043,NJ,us,08043
"7534 Sutter Home, San Antonio TX 78253, United States",TX,US,78253,TX,us,78253,TX,us,78253
"1002 NW 87th Ave , Apt 307, Miami FL 33172, United States",FL,US,33172,FL,us,33172,FL,us,33172
"PO Box 341005, Los Angeles CA 90034, United States",CA,US,90034,CA,us,90034,CA,us,
"4917 W 137th Pl #B, Hawthorne CA 90250, United States",CA,US,90250,CA,us,90250,CA,us,
"465 Washington St, Brookline MA 02446, United States",MA,US,02446,MA,us,02445,MA,us,02445
"12851 SW 50 Street, Miramar FL 33027, United States",FL,US,33027,FL,us,33027,FL,us,
"209 Harwood Dr, League City TX 77573, United States",TX,US,77573,TX,us,77573,TX,us,77573
"52 Boyds Valley Dr., Newark DE 19711, United States",DE,US,19711,DE,us,19711,DE,us,
"4111 Chenoweth Run Rd, Louisville KY 40299, United States",KY,US,40299,KY,us,40299,KY,us,40299
"937 Oliver Ave, Aurora IL 60506, United States",IL,US,60506,IL,us,60506,IL,us,
"1526 N Brink Ave, Sarasota FL 34237, United States",FL,US,34237,FL,us,34237,FL,us,34237
"5908 E 144th St S, Bixby OK 74008, United States",OK,US,74008,OK,us,74008,OK,us,74008
"3159 Meadow Grove Dr, SAN DIEGO CA 92110, United States",CA,US,92110,CA,us,92110,CA,us,92110
"597 Bridle Springs Street Southeast, Albany OR 97322, United States",OR,US,97322,OR,us,97322,OR,us,97322
"6248 ella lee ln, houston TX 77057, United States",TX,US,77057,TX,us,77057,TX,us,77057
"133 S Oakhurst, #204, beverly hills CA 90212, United States",CA,US,90212,CA,us,90212,CA,us,90212
"288 Bayshore Dr, Auburndale FL 33823, United States",FL,US,33823,FL,us,33823,FL,us,
"3475 E Ravenswood Dr, Gilbert AZ 85298, United States",AZ,US,85298,AZ,us,85298,AZ,us,85298
"5755 orchard Ave, White bear lake MN 55110, United States",MN,US,55110,MN,us,55110,MN,us,
"165 NW 3rd St, Ontario OR 97914-2311, United States",OR,US,97914-2311,OR,us,97914,OR,us,97914
"211 W William Dr, Brownsburg IN 46112, United States",IN,US,46112,IN,us,46112,IN,us,46112
"5374 Erie Church Road, Bedford IN 47421, United States",IN,US,47421,IN,us,47421,IN,us,
"9365 County Road 375 North, Churubusco IN 46723, United States",IN,US,46723,IN,us,46723,IN,us,46723
"1125 Northwest Willow Drive, Grain Valley MO 64029, United States",MO,US,64029,MO,us,64029,MO,us,64029
"1063 Martin Rd., West Henrietta NY 14586, United States",NY,US,14586,NY,us,14586,NY,us,14586
"7108 Stafford ave, Huntington Park CA 90255, United States",CA,US,90255,CA,us,90255,CA,us,90255
"11450 141 street, 1st Floor, jamaica NY 11436, United States",NY,US,11436,NY,us,11436,NY,us,
"2084 Prout Farm Road, Pottstown PA 19464, United States",PA,US,19464,PA,us,19464,PA,us,
"67 Black Rock Dr., Holland PA 18966, United States",PA,US,18966,PA,us,18966,PA,us,
"2751 Glendale Rd, Hastings MN 55033, United States",MN,US,55033,MN,us,55033,MN,us,55033
"2625, LeeAnna Drive, West Plains MO 65775, United States",MO,US,65775,MO,us,,MO,us,
"2455 San Elijo Avenue, Encinitas CA 92007, United States",CA,US,92007,CA,us,92007,CA,us,92007
"1097 W Keats Ave, Fresno CA 93711, United States",CA,US,93711,CA,us,93711,CA,us,93711
"1263 Prickly Pear Street, Casa Grande AZ 85122, United States",AZ,US,85122,AZ,us,85122,AZ,us,85122
"8487 Blackburn Lane, San Diego CA 92127, United States",CA,US,92127,CA,us,92127,CA,us,92127
"10549 Stonybrook Ave, South Gate CA 90280-7216, United States",CA,US,90280-7216,CA,us,90280,CA,us,90280
"3509 Salmon St, Sachse TX 75048, United States",TX,US,75048,TX,us,75048,TX,us,75048
"4145 Chets Creek Dr E, Jacksonville FL 32224, United States",FL,US,32224,FL,us,32224,FL,us,32224
"2900 Alamo Ave, Fort Collins CO 80525, United States",CO,US,80525,CO,us,80525,CO,us,80525
"25 Baker Road, Salisbury MA 01952, United States",MA,US,01952,MA,us,01952,MA,us,01952
"4650 Nelson Road, APT 1725, Lake Charles LA 70605, United States",LA,US,70605,LA,us,70605,LA,us,70605
"3710 Humber Court, Cumming GA 30040, United States",GA,US,30040,GA,us,30040,GA,us,
"5135 marathon st, Apt #6, Los Angeles CA 90038, United States",CA,US,90038,CA,us,90038,CA,us,90038
"1110 Kimbro Drive, Forney TX 75126, United States",TX,US,75126,TX,us,75126,TX,us,
"4 Cactus Lane, Kings Park NY 11754, United States",NY,US,11754,NY,us,11754,NY,us,11754
"Morin painting, 11 lowell st, Sanford ME 04073, United States",ME,US,04073,ME,us,04073,ME,us,
"172 SAM SOLOMON RD, LOCUST GROVE GA 30248, United States",GA,US,30248,GA,us,30248,GA,us,
"419 High St, Perth Amboy NJ 08861, United States",NJ,US,08861,NJ,us,08861,NJ,us,08861
"231 ABBEY DRIVE, AUSTIN TX 78737, United States",TX,US,78737,TX,us,78737,TX,us,
"8335 WHEATLEY RD, La Plata MD 20646-4134, United States",MD,US,20646-4134,MD,us,20646,MD,us,
"1041 S Corning Street, 204, Los Angeles CA 90035, United States",CA,US,90035,CA,us,90035,CA,us,
"8701 smoketree cv, Austin TX 78735, United States",TX,US,78735,TX,us,78735,TX,us,
"8214 Buena Vista Dr, Denver NC 28037, United States",NC,US,28037,NC,us,28037,NC,us,
"2222 Amesbury Ct, Wellington FL 33414-8021, United States",FL,US,33414-8021,FL,us,33414,FL,us,33414
"20722 Rubble Lane, Richmond TX 77407, United States",TX,US,77407,TX,us,77407,TX,us,
"1604 Clifton Park Circle, Wilmington DE 19802, United States",DE,US,19802,DE,us,19802,DE,us,
"5 Sellers Rd Apt E, E, Annapolis MD 21402, United States",MD,US,21402,MD,us,21402,MD,us,
"3334 Townley Place, LAWRENCEVILLE GA 30044-5554, United States",GA,US,30044-5554,GA,us,30044,GA,us,
"3460 14th St. NW, Apt. 426, Washington DC 20010, United States",DC,US,20010,DC,us,20010,DC,us,20010
"1060 Grand Bahama Ln, Riviera Beach FL 33404, United States",FL,US,33404,FL,us,33404,FL,us,33404
"303 Spanton Crescent, Pooler GA 31322, United States",GA,US,31322,GA,us,31322,GA,us,31322
"304 Terraza Way, Delano CA 93215, United States",CA,US,93215,CA,us,93215,CA,us,93215
"4917 Drifting Pebble St, North Las Vegas NV 89081, United States",NV,US,89081,NV,us,89081,NV,us,89081
"5151 Elvira Road, Woodland Hills CA 91364, United States",CA,US,91364,CA,us,91364,CA,us,91364
"2277 Hardyke Ct, Ann Arbor MI 48108, United States",MI,US,48108,MI,us,48108,MI,us,48108
"4818 Island View Street, Oxnard CA 93035, United States",CA,US,93035,CA,us,93035,CA,us,93035
"504 Deforest Ln, Guyton GA 31312, United States",GA,US,31312,GA,us,31312,GA,us,
"Baumgartner, Wagner & Jahn, 112 W 11TH STREET, SUITE 150, Vancouver WA 98660, United States",WA,US,98660,WA,us,98660,WA,us,
"95 goodmans hill road, 2, Sudbury MA 01776, United States",MA,US,01776,MA,us,01776,MA,us,
"44 West Ellis Street, Stockton CA 95204, United States",CA,US,95204,CA,us,95204,CA,us,
"120 Las Palomas Santurce, San Juan PR 00911, United States",PR,US,00911,PR,us,00914,PR,us,00914
"10880 Pinewalk Forest Cir, Alpharetta GA 30022, United States",GA,US,30022,GA,us,30022,GA,us,30022
"71 Old Road, Westport CT 06880, United States",CT,US,06880,CT,us,06880,CT,us,06880
"4540 Seventeen Lakes Court, Roanoke TX 76262, United States",TX,US,76262,TX,us,76262,TX,us,
"6068 W Morgan Ct, New Palestine IN 46163-8765, United States",IN,US,46163-8765,IN,us,46163,IN,us,
"3741 Monticello Street, Douglasville GA 30135, United States",GA,US,30135,GA,us,30135,GA,us,
"1615 195th Street East, Spanaway WA 98387, United States",WA,US,98387,WA,us,98387,WA,us,98387
"710 S Fitch Mountain Rd, Apt 112, Healdsburg CA 95448, United States",CA,US,95448,CA,us,95448,CA,us,95448
"691 Edgewater Ct, New Lenox IL 60451-4820, United States",IL,US,60451-4820,IL,us,60451,IL,us,60451
"177 East St, Whitinsville MA 01588, United States",MA,US,01588,MA,us,01588,MA,us,01588
"2100 South Academy Road, Guthrie OK 73044, United States",OK,US,73044,OK,us,73044,OK,us,73044
"1620 12th Ave, Los Angeles CA 90019, United States",CA,US,90019,CA,us,90019,CA,us,90019
"111 Bloomfield Ave, Apt 5, Nutley NJ 07110, United States",NJ,US,07110,NJ,us,07110,NJ,us,07110
"1306 Theodore Street, Kill devil hills NC 27948, United States",NC,US,27948,NC,us,27948,NC,us,27948
"409 Steeles Fort Rd, Raphine VA 24472, United States",VA,US,24472,VA,us,24472,VA,us,24472
"560 Meadowbrook Road, Merrick NY 11566, United States",NY,US,11566,NY,us,11566,NY,us,11566
"3016 Colorado Court, Grand Junction CO 81504, United States",CO,US,81504,CO,us,81504,CO,us,81504
"325 Roesler Road, Glen Burnie MD 21060, United States",MD,US,21060,MD,us,21060,MD,us,21060
"13331 Castana ace, Downey CA 90242, United States",CA,US,90242,CA,us,90242,CA,us,
"1875 bertram road, huntingdon valley PA 19006, United States",PA,US,19006,PA,us,19006,PA,us,
"1112 Challedon Rd, Great Falls VA 22066, United States",VA,US,22066,VA,us,22066,VA,us,22066
"5328 Welch Valley Ave, Las Vegas NV 89131, United States",NV,US,89131,NV,us,89131,NV,us,89131
"3120 Lipman RD, Hood River OR 97031, United States",OR,US,97031,OR,us,97031,OR,us,
"3210 W. 135th Street, Hawthorne CA 90250, United States",CA,US,90250,CA,us,90250,CA,us,90250
"4613 Rocky Bar Road, Wilseyville CA 95257, United States",CA,US,95257,CA,us,95257,CA,us,95257
"427 Millson Dr, Sunbury OH 43074, United States",OH,US,43074,OH,us,43074,OH,us,43074
"164-20 Highland Avenue, Apt 4J, Jamaica NY 11432, United States",NY,US,11432,NY,us,11432,NY,us,11432
"3309 East Pratt Street, Baltimore MD 21224, United States",MD,US,21224,MD,us,21224,MD,us,21224
"316 Portlock Rd, Honolulu HI 96825, United States",HI,US,96825,HI,us,96825,HI,us,96825
"11716 Roaring Fork Trl, Aubrey TX 76227, United States",TX,US,76227,TX,us,76227,TX,us,
"1007 Limestone Ct, Salisbury MD 21804, United States",MD,US,21804,MD,us,21804,MD,us,21804
"1550 rimpau ave, 73, Corona CA 92881, United States",CA,US,92881,CA,us,92881,CA,us,
"Urb. La Margarita E-18 Calle D, Salinas PR 00751, United States",PR,US,00751,PR,us,00751,TX,us,
"268 EAST MAIN ST, JEFFERSON VALLEY NY 10535, United States",NY,US,10535,NY,us,10535,NY,us,10535
"None, 5517 Broadmoor St, Mission KS 66202, United States",KS,US,66202,KS,us,66202,KS,us,
"8037 Dockal Road, Houston TX 77028, United States",TX,US,77028,TX,us,77028,TX,us,77028
"2916 Broughton, The Colony TX 75056, United States",TX,US,75056,TX,us,75056,TX,us,75056
"1620 Dayton Avenue, Alameda CA 94501, United States",CA,US,94501,CA,us,94501,CA,us,94501
"9 depuyster ave, beacon NY 12508, United States",NY,US,12508,NY,us,12508,NY,us,12508
"2756 Antelope Ln, Santa Rosa CA 95407, United States",CA,US,95407,CA,us,95407,CA,us,95407
"215 Crestwood Dr, Colonial Hgts VA 23834-2420, United States",VA,US,23834-2420,VA,us,23834,VA,us,23834
"10410 West Bajada Road, Peoria AZ 85383, United States",AZ,US,85383,AZ,us,85383,AZ,us,85383
"704 S 212th street, Des Moines WA 98198, United States",WA,US,98198,WA,us,98198,WA,us,98198
"Chelsea Paris, 4611 Camino Del Sol, Calabasas CA 91302, United States",CA,US,91302,CA,us,91302,CA,us,
"3301 Warmke Lane, Stockton CA 95206, United States",CA,US,95206,CA,us,95206,CA,us,95206
"5412 WOOD RIDGE RD, WILMINGTON NC 28409-3963, United States",NC,US,28409-3963,NC,us,28409,NC,us,
"852 Division St, 4, Pleasanton CA 94566-6569, United States",CA,US,94566-6569,CA,us,94566,CA,us,
"1546 South Benton Street, Palatine IL 60067, United States",IL,US,60067,IL,us,60067,IL,us,60067
"1540 S Florence Way Unit 520, Aurora CO 80247-8110, United States",CO,US,80247-8110,CO,us,80247,CO,us,80247
"11244 Saint Luke Drive, White Plains MD 20695, United States",MD,US,20695,MD,us,20695,MD,us,
"6202 Lowrie, San Antonio TX 78239, United States",TX,US,78239,TX,us,78239,TX,us,
"1217 Carlson Lake Lane, Eagan MN 55123, United States",MN,US,55123,MN,us,55123,MN,us,55123
"15125 N Scottsdale Rd, 548, Scottsdale AZ 85254, United States",AZ,US,85254,AZ,us,85260,AZ,us,
"Legendary Drive, 326, Frisco TX 75034, United States",TX,US,75034,TX,us,75034,TX,us,75034
"2842 Marsh Street, Los Angeles CA 90039, United States",CA,US,90039,CA,us,90039,CA,us,90039
"933 Carquinez Ave POB161, Glen Ellen CA 95442, United States",CA,US,95442,CA,us,95442,CA,us,
"10527 Quail Ridge Ln, Sugar Land TX 77498, United States",TX,US,77498,TX,us,77498,TX,us,
"321 Irma Drive, Chardon OH 44060, United States",OH,US,44060,OH,us,44024,OH,us,44024
"510 nw 208 circle, Pembroke Pines FL 33029, United States",FL,US,33029,FL,us,33029,FL,us,
"3351 Reily Millville Road, Hamilton OH 45013, United States",OH,US,45013,OH,us,45013,OH,us,
"1912 McDonald St, Sioux City IA 51104, United States",IA,US,51104,IA,us,51104,IA,us,51104
"4780 Bossler Rd, Elizabethtown PA 17022, United States",PA,US,17022,PA,us,17022,PA,us,
"115 Park Avenue, Fl 1, Rome NY 13440, United States",NY,US,13440,NY,us,13440,NY,us,13440
"2030 South Ocean Drive, Apt 212, Hallandale Beach FL 33009, United States",FL,US,33009,FL,us,33009,FL,us,33009
"2301 Georgian Way, 22, Silver Spring MD 20902, United States",MD,US,20902,MD,us,20902,MD,us,
"4601 Forest Hills Circle, Nisswa MN 56468, United States",MN,US,56468,MN,us,56468,MN,us,56468
"424 Willow Rd West, Staten Island NY 10314, United States",NY,US,10314,NY,us,10314,NY,us,10314
"4000 Sheridan Ave. S, Minneapolis MN 55410, United States",MN,US,55410,MN,us,55410,MN,us,55410
"30 Germain Ave, Haverhill MA 01835, United States",MA,US,01835,MA,us,01835,MA,us,01835
"3008 palmetto street, Chalmette LA 70043, United States",LA,US,70043,LA,us,70043,LA,us,70043
"4657 South Monaco Street, Apt 204, Denver CO 80237, United States",CO,US,80237,CO,us,80237,CO,us,80237
"17705 State Hwy 198, Saegertown PA 16433, United States",PA,US,16433,PA,us,16433,PA,us,
"IXL REAL ESTATE WIREGRASS, 110 Riverwood Dr, Enterprise AL 36330, United States",AL,US,36330,AL,us,36330,AL,us,
"Courtney Daniels, 2058 South 150 East, Heber City UT 84032, United States",UT,US,84032,UT,us,84032,UT,us,
"4115 Linden Street, Harrisburg PA 17109, United States",PA,US,17109,PA,us,17109,PA,us,17105
"2429 4 Mile Road, Washington MO 63090, United States",MO,US,63090,MO,us,,MO,us,
"2708 Pinhorn Drive, Bridgewater Township NJ 08807, United States",NJ,US,08807,NJ,us,08876,NJ,us,08876
"271 E Pine St, Long Beach NY 11561, United States",NY,US,11561,NY,us,11561,NY,us,11561
"12946 Leyte Cir. NE, Blaine MN 55449, United States",MN,US,55449,MN,us,55449,MN,us,55449
"1818 SW 4th Ave, 713, portland OR 97201, United States",OR,US,97201,OR,us,97201,OR,us,
"413 Don Fernando Circle, North Las Vegas NV 89031, United States",NV,US,89031,NV,us,89031,NV,us,
"1368 riviera summit rd, San diego CA 92154, United States",CA,US,92154,CA,us,92154,CA,us,92154
"40 East 169th Street, 3c, The Bronx NY 10452, United States",NY,US,10452,NY,us,10452,NY,us,10452
"5 Debevoise Street, Medical Office, Brooklyn NY 11206, United States",NY,US,11206,NY,us,11206,NY,us,
"2508 Sparrow Point St., El Paso TX 79938, United States",TX,US,79938,TX,us,79938,TX,us,79938
"14793 showhorse ln, Victorville CA 92394, United States",CA,US,92394,CA,us,92394,CA,us,92394
"8912 Chestnut Hill Lane, Littleton CO 80130, United States",CO,US,80130,CO,us,80130,CO,us,
"753 East El Monte Place, Chandler AZ 85225, United States",AZ,US,85225,AZ,us,85225,AZ,us,85225
"217 van ness ave, Unit A, Yerington NV 89447, United States",NV,US,89447,NV,us,89447,NV,us,89447
"5324 Gardner Ct, Williamsburg VA 23188, United States",VA,US,23188,VA,us,23188,VA,us,
"146 pasture side way, Unit P, Rockville MD 20850, United States",MD,US,20850,MD,us,20850,MD,us,20850
"1225 Colgin Drive, 201, Virginia Beach VA 23455, United States",VA,US,23455,VA,us,23455,VA,us,
"8 Marlaine Drive, Seekonk MA 02771, United States",MA,US,02771,MA,us,02771,MA,us,02861
"1 Aeropost Way, POS-24897, Miami FL 33206, United States",FL,US,33206,FL,us,,FL,us,
"5994 N Saline Ave, Kansas City MO 64151, United States",MO,US,64151,MO,us,64151,MO,us,64151
"50 Northtown Drive, Apt. 12B, Jackson MS 39211, United States",MS,US,39211,MS,us,39211,MS,us,39211
"6021 S Maryland Avenue, SPRINGFIELD MO 65810, United States",MO,US,65810,MO,us,65810,MO,us,65804
"1475 Gull Cove, 319, San Diego CA 92154, United States",CA,US,92154,CA,us,92154,CA,us,
"4111 University Dr, Coral Gables FL 33146, United States",FL,US,33146,FL,us,33146,FL,us,33146
"710 Culpepper Ave, Buchanan VA 24066, United States",VA,US,24066,VA,us,24066,VA,us,24066
"23611Buttress Root Drive, Spring TX 77373, United States",TX,US,77373,TX,us,77373,TX,us,
"11239 South Depot Street, Worth IL 60482, United States",IL,US,60482,IL,us,60482,IL,us,60482
"4341 Garnet Avenue, Cypress CA 90630, United States",CA,US,90630,CA,us,90630,CA,us,90630
"147 Casa Loma Drive, Centerville UT 84014, United States",UT,US,84014,UT,us,84014,UT,us,84014
"2527 Stonehurst Dr, Louisville KY 40242, United States",KY,US,40242,KY,us,40242,KY,us,
"38 Valley View Drive, Ludlow MA 01056, United States",MA,US,01056,MA,us,01056,MA,us,01056
"4209 ketcham st. apt. 1A, elmhurst NY 11373, United States",NY,US,11373,NY,us,11373,NY,us,11373
"1431 West Greenleaf Ave., Unit 1S, Chicago IL 60626-2887, United States",IL,US,60626-2887,IL,us,60626,IL,us,60645
"1822 Navajo Pl, Enid OK 73703, United States",OK,US,73703,OK,us,73703,OK,us,73703
"6758 Basswwod Circle, Zephyrhills FL 33542, United States",FL,US,33542,FL,us,33542,FL,us,
"674 South 14th Street, Brawley CA 92227, United States",CA,US,92227,CA,us,92227,CA,us,92227
"2311 Briarlee Dr, Houston TX 77077, United States",TX,US,77077,TX,us,77077,TX,us,77077
"11127 Schmidt Road, South El Monte CA 91733, United States",CA,US,91733,CA,us,91733,CA,us,91733
"4509 W Larkspur Drive, Glendale AZ 85304, United States",AZ,US,85304,AZ,us,85304,AZ,us,85304
"2571 swoop circle, Kissimmee FL 34741, United States",FL,US,34741,FL,us,34741,FL,us,34741
"3813 West Van Buren Street, Broken Arrow OK 74011, United States",OK,US,74011,OK,us,74011,OK,us,74011
"127 Cypress Ln S, Westbury NY 11590, United States",NY,US,11590,NY,us,11590,NY,us,
"1301 Moore St, Apt 2, Pearsall TX 78061, United States",TX,US,78061,TX,us,78061,TX,us,78061
"8700 Eton Ct, Kissimmee  FL 34747, United States",FL,US,34747,FL,us,34747,FL,us,
"4529 Marietta rd, chillicothe OH 45601, United States",OH,US,45601,OH,us,45601,OH,us,45601
"100 Hepburn Road, Apt 5I, Clifton NJ 07012, United States",NJ,US,07012,NJ,us,07012,NJ,us,07012
"5126 67th Street, Woodside NY 11377, United States",NY,US,11377,NY,us,11377,NY,us,11377
"14550 Darnell Road, Mechanicsburg IL 62545, United States",IL,US,62545,IL,us,62545,IL,us,
"7573 San como way, Goleta CA 93117, United States",CA,US,93117,CA,us,93117,CA,us,93117
"120 Princeton Pl, Apt A, Palisades Park NJ 07650, United States",NJ,US,07650,NJ,us,07650,NJ,us,07650
"5620 Remington Park Dr, Flower Mound TX 75028, United States",TX,US,75028,TX,us,75028,TX,us,75028
"6610 45th Ave N, Crystal MN 55428, United States",MN,US,55428,MN,us,55428,MN,us,55428
"2420 Perez St, San Antonio TX 78207, United States",TX,US,78207,TX,us,78207,TX,us,78207
"24565 Reddish rd, Fieldon IL 62031, United States",IL,US,62031,IL,us,62031,IL,us,
"2062 Dooley Square Drive, Grove City OH 43123, United States",OH,US,43123,OH,us,43123,OH,us,
"38 Sankeys Path, Lake Grove NY 11755, United States",NY,US,11755,NY,us,11755,NY,us,11755
"730 McDaniel Road, Kings Mountain NC 28086, United States",NC,US,28086,NC,us,28086,NC,us,
"160 Yorktown Drive, Brunswick GA 31525, United States",GA,US,31525,GA,us,31525,GA,us,
"20002 Beach Boulevard, Mobil gas station , Huntington Beach CA 92648, United States",CA,US,92648,CA,us,92648,CA,us,
"2578 Cranberry Hwy, Wareham MA 02571, United States",MA,US,02571,MA,us,02571,MA,us,02571
"3333 13th Ave S, Fargo ND 58103, United States",ND,US,58103,ND,us,58103,ND,us,58103
"13600 NW 61st St, Kansas City MO 64152, United States",MO,US,64152,MO,us,64152,MO,us,64151
"902 Phillips Street, Maumee OH 43537, United States",OH,US,43537,OH,us,43537,OH,us,43537
"6551 Lyrewood Ln, Oklahoma City OK 73132, United States",OK,US,73132,OK,us,73132,OK,us,73132
"205 West Birch Drive, Windsor MO 65360, United States",MO,US,65360,MO,us,65360,MO,us,65360
"2802 Twin Falls Dr, Plainfield IL 60586, United States",IL,US,60586,IL,us,60586,IL,us,60586
"108 Brendeles Dr, Parshall ND 58770, United States",ND,US,58770,ND,us,,ND,us,
"9811 W Charleston Blvd, Ste 2835, Las Vegad NV 89117, United States",NV,US,89117,NV,us,89117,NV,us,
"3626 New Town Ct, Farmville NC 27828, United States",NC,US,27828,NC,us,27828,NC,us,27828
"333 Sharpe Street, Winfield MO 63389, United States",MO,US,63389,MO,us,63389,MO,us,63389
"1100 Sarandon Drive, Matthews NC 28104, United States",NC,US,28104,NC,us,28104,NC,us,
"107 Upcerne Road, Summerville SC 29485, United States",SC,US,29485,SC,us,29485,SC,us,29485
"3759 MISSION ST, SAN FRANCISCO CA 94110-5844, United States",CA,US,94110-5844,CA,us,94110,CA,us,94134
"1646 N 2340 W, Lehi UT 84043, United States",UT,US,84043,UT,us,84043,UT,us,
"49 Blanca Lane, Spc 44, Watsonville CA 95076, United States",CA,US,95076,CA,us,95076,CA,us,95076
"95-221 Waimakua Dr, Mililani HI 96789, United States",HI,US,96789,HI,us,96789,HI,us,
"206 E Hillside Avenue, Barrington IL 60010, United States",IL,US,60010,IL,us,60010,IL,us,60010
"3769 Nautilus Trail, Aurora OH 44202, United States",OH,US,44202,OH,us,44202,OH,us,44202
"1555 Lewison Avenue Northeast, Grand Rapids MI 49505, United States",MI,US,49505,MI,us,49505,MI,us,49505
"4359 East 58th Street, Maywood CA 90270, United States",CA,US,90270,CA,us,90270,CA,us,90270
"2581 Main St, Tewksbury MA 01876, United States",MA,US,01876,MA,us,01876,MA,us,01887
"10114 Cannon Dr, Riverview FL 33578, United States",FL,US,33578,FL,us,33578,FL,us,33569
"125 Van Zandt Ave, Newport RI 02840, United States",RI,US,02840,RI,us,02840,RI,us,02840
"10 Harrington Drive, Mansfield NJ 08022, United States",NJ,US,08022,NJ,us,08022,NJ,us,08022
"10151 West Dorrell Lane, Unit 3156, Las Vegas NV 89166, United States",NV,US,89166,NV,us,89166,NV,us,89166
"219 S River Avenue, #461, Buckley WA 98321, United States",WA,US,98321,WA,us,98321,WA,us,
"326 Seabreeze Avenue, Palm Beach FL 33480, United States",FL,US,33480,FL,us,33480,FL,us,33480
"732 Robinson St, Unit 2, Los Angeles CA 90026, United States",CA,US,90026,CA,us,90026,CA,us,90026
"624 Michigan Ave , Unit #5, Miami Beach  FL 33139, United States",FL,US,33139,FL,us,33139,FL,us,33139
